Workbook

Sheet Database FG
A1: sku_code | B1: description | C1: pcs_cb | D1: kg_cb | E1: size | F1: country | G1: brand | H1: sub_brand | I1: category | J1: big_category | K1: house | L1: region | M1: speed | N1: pack_format | O1: line | P1: output
A2: 71576 | B2: NB RYL PREMATURE PRO+ 12X400G CN (MD) | C2: 12 | D2: =E2*C2/1000 -> 4.8 | E2: 400 | F2: Indonesia | G2: Nutrilon | H2: Nut Specialties | I2: Preterm | J2: TN | K2: Blue | L2: WEST | M2: 0 | N2: =VLOOKUP(A2, zcorin_converter!A:L, 12, FALSE) -> Canning | O2: 0 | P2: POWDER
A3: 91031 | B3: DUMEX HI-Q LACTOSE FREE 24X400G CN (TH) | C3: 24 | D3: =C3*E3/1000 -> 9.6 | E3: 400 | F3: Thailand | G3: Export | H3: Export | I3: Specialties | J3: TN | K3: Export | L3: WEST | M3: 0 | N3: =VLOOKUP(A3, zcorin_converter!A:L, 12, FALSE) -> Canning | O3: 0 | P3: POWDER
A4: 96011 | B4: NB RYL HA ALLERPRE 2 PRO+(12X400G CN) | C4: 12 | D4: =E4*C4/1000 -> 4.8 | E4: 400 | F4: Indonesia | G4: Nutrilon | H4: Nut Specialties | I4: HA | J4: TN | K4: Blue | L4: WEST | M4: 0 | N4: =VLOOKUP(A4, zcorin_converter!A:L, 12, FALSE) -> Canning | O4: 0 | P4: POWDER
A5: 97083 | B5: NUTRIBABY ROYAL ACTI DUOBIO 1 800GR | C5: 10 | D5: =E5*C5/1000 -> 8 | E5: 800 | F5: Indonesia | G5: Nutrilon | H5: Nutribaby 1 | I5: NR IF | J5: IF | K5: Blue | L5: WEST | M5: 0 | N5: =VLOOKUP(A5, zcorin_converter!A:L, 12, FALSE) -> Bag in Box | O5: 0 | P5: POWDER
A6: 97084 | B6: NUTRIBABY ROYAL ACTI DUOBIO 2 800GR | C6: 10 | D6: =E6*C6/1000 -> 8 | E6: 800 | F6: Indonesia | G6: Nutrilon | H6: Nutribaby 2 | I6: FO | J6: FO | K6: Blue | L6: WEST | M6: 0 | N6: =VLOOKUP(A6, zcorin_converter!A:L, 12, FALSE) -> Bag in Box | O6: 0 | P6: POWDER
A7: 97420 | B7: NUTRIBABY ROYAL ACTI DUOBIO 1 400GR | C7: 24 | D7: =E7*C7/1000 -> 9.6 | E7: 400 | F7: Indonesia | G7: Nutrilon | H7: Nutribaby 1 | I7: NR IF | J7: IF | K7: Blue | L7: WEST | M7: 0 | N7: =VLOOKUP(A7, zcorin_converter!A:L, 12, FALSE) -> Bag in Box | O7: 0 | P7: POWDER
A8: 97431 | B8: NUTRIBABY ROYAL ACTI DUOBIO 2 400GR | C8: 24 | D8: =E8*C8/1000 -> 9.6 | E8: 400 | F8: Indonesia | G8: Nutrilon | H8: Nutribaby 2 | I8: FO | J8: FO | K8: Blue | L8: EAST | M8: 0 | N8: =VLOOKUP(A8, zcorin_converter!A:L, 12, FALSE) -> Bag in Box | O8: 0 | P8: POWDER
A9: 99427 | B9: DUGRO SOY 24X200 G FB | C9: 24 | D9: =C9*E9/1000 -> 4.8 | E9: 200 | F9: Malaysia | G9: Export | H9: Export | I9: Soya GUM | J9: TN | K9: Export | L9: WEST | M9: 0 | N9: =VLOOKUP(A9, zcorin_converter!A:L, 12, FALSE) -> Bag in Box | O9: 0 | P9: POWDER
A10: 99428 | B10: DUGRO SOY 24X400 G FB | C10: 24 | D10: =C10*E10/1000 -> 9.6 | E10: 400 | F10: Malaysia | G10: Export | H10: Export | I10: Soya GUM | J10: TN | K10: Export | L10: WEST | M10: 0 | N10: =VLOOKUP(A10, zcorin_converter!A:L, 12, FALSE) -> Bag in Box | O10: 0 | P10: POWDER
A11: 99429 | B11: DUPRO SOY 24X400 G FB | C11: 24 | D11: =C11*E11/1000 -> 9.6 | E11: 400 | F11: Malaysia | G11: Export | H11: Export | I11: Soya IF | J11: TN | K11: Export | L11: WEST | M11: 0 | N11: =VLOOKUP(A11, zcorin_converter!A:L, 12, FALSE) -> Bag in Box | O11: 0 | P11: POWDER
A12: 99577 | B12: COW & GATE BLUE 24X400G CN (LK) | C12: 24 | D12: =C12*E12/1000 -> 9.6 | E12: 400 | F12: SriLanka | G12: Export | H12: Export | I12: FO | J12: FO | K12: Export | L12: WEST | M12: 0 | N12: =VLOOKUP(A12, zcorin_converter!A:L, 12, FALSE) -> Canning | O12: 0 | P12: POWDER
A13: 99578 | B13: COW & GATE FORMULA S N2 24X200G FB (LK) | C13: 24 | D13: =C13*E13/1000 -> 4.8 | E13: 200 | F13: SriLanka | G13: Export | H13: Export | I13: Soya FO | J13: TN | K13: Export | L13: WEST | M13: 0 | N13: =VLOOKUP(A13, zcorin_converter!A:L, 12, FALSE) -> Bag in Box | O13: 0 | P13: POWDER
A14: 99741 | B14: COW & GATE PREMIUM 1 24X200G FB (LK) | C14: 24 | D14: =C14*E14/1000 -> 4.8 | E14: 200 | F14: SriLanka | G14: Export | H14: Export | I14: IF | J14: IF | K14: Export | L14: WEST | M14: 0 | N14: =VLOOKUP(A14, zcorin_converter!A:L, 12, FALSE) -> Bag in Box | O14: 0 | P14: POWDER
A15: 99742 | B15: COW & GATE PREMIUM 1 24X400G CN (LK) | C15: 24 | D15: =C15*E15/1000 -> 9.6 | E15: 400 | F15: SriLanka | G15: Export | H15: Export | I15: IF | J15: IF | K15: Export | L15: WEST | M15: 0 | N15: =VLOOKUP(A15, zcorin_converter!A:L, 12, FALSE) -> Canning | O15: 0 | P15: POWDER
A16: 99747 | B16: COW & GATE BLUE 24X200G FB (LK) | C16: 24 | D16: =C16*E16/1000 -> 4.8 | E16: 200 | F16: SriLanka | G16: Export | H16: Export | I16: FO | J16: FO | K16: Export | L16: WEST | M16: 0 | N16: =VLOOKUP(A16, zcorin_converter!A:L, 12, FALSE) -> Bag in Box | O16: 0 | P16: POWDER
A17: 104713 | B17: KARICARE SOY 3X900G CN (AUS/NZ) ND | C17: 3 | D17: =C17*E17/1000 -> 2.7 | E17: 900 | F17: Australia | G17: Export | H17: Export | I17: Soya GUM | J17: TN | K17: Export | L17: WEST | M17: 0 | N17: =VLOOKUP(A17, zcorin_converter!A:L, 12, FALSE) -> Canning | O17: 0 | P17: POWDER
A18: 106546 | B18: MAMEX FL 24X400 G CN(MAL) ND | C18: 24 | D18: =C18*E18/1000 -> 9.6 | E18: 400 | F18: Malaysia | G18: Export | H18: Export | I18: Specialties | J18: TN | K18: Export | L18: WEST | M18: 0 | N18: =VLOOKUP(A18, zcorin_converter!A:L, 12, FALSE) -> Canning | O18: 0 | P18: POWDER
A19: 106550 | B19: APTAMIL FL 24X400 G CN (MM) | C19: 24 | D19: =C19*E19/1000 -> 9.6 | E19: 400 | F19: Malaysia | G19: Export | H19: Export | I19: Specialties | J19: TN | K19: Export | L19: WEST | M19: 0 | N19: =VLOOKUP(A19, zcorin_converter!A:L, 12, FALSE) -> Canning | O19: 0 | P19: POWDER
A20: 119419 | B20: SGM BBLR PRESI+ 24X400G FB LUM 2.0 | C20: 24 | D20: =C20*E20/1000 -> 9.6 | E20: 400 | F20: Malaysia | G20: Export | H20: Export | I20: Preterm | J20: TN | K20: Export | L20: WEST | M20: 0 | N20: =VLOOKUP(A20, zcorin_converter!A:L, 12, FALSE) -> Bag in Box | O20: 0 | P20: POWDER
A21: 126631 | B21: BEBELOVE 1 HiQEQ 24X400G FB RS | C21: 24 | D21: =E21*C21/1000 -> 9.6 | E21: 400 | F21: Indonesia | G21: Bebelac | H21: Bebelove 1 | I21: Bebelac IF | J21: IF | K21: Yellow | L21: WEST | M21: 0 | N21: =VLOOKUP(A21, zcorin_converter!A:L, 12, FALSE) -> Bag in Box | O21: 0 | P21: POWDER
A22: 126632 | B22: BEBELOVE 1 HiQEQ 12X800G CN RS | C22: 12 | D22: =E22*C22/1000 -> 9.6 | E22: 800 | F22: Indonesia | G22: Bebelac | H22: Bebelove 1 | I22: Bebelac IF | J22: IF | K22: Yellow | L22: WEST | M22: 0 | N22: =VLOOKUP(A22, zcorin_converter!A:L, 12, FALSE) -> Canning | O22: 0 | P22: POWDER
A23: 126633 | B23: BEBELOVE 1 HiQEQ 24X200G FB RS | C23: 24 | D23: =E23*C23/1000 -> 4.8 | E23: 200 | F23: Indonesia | G23: Bebelac | H23: Bebelove 1 | I23: Bebelac IF | J23: IF | K23: Yellow | L23: WEST | M23: 0 | N23: =VLOOKUP(A23, zcorin_converter!A:L, 12, FALSE) -> Bag in Box | O23: 0 | P23: POWDER
A24: 126634 | B24: BEBELOVE 1 HiQEQ 6X2X900G MP RS | C24: 6 | D24: =E24*C24/1000 -> 10.8 | E24: 1800 | F24: Indonesia | G24: Bebelac | H24: Bebelove 1 | I24: Bebelac IF | J24: IF | K24: Yellow | L24: WEST | M24: 0 | N24: =VLOOKUP(A24, zcorin_converter!A:L, 12, FALSE) -> Bag in Box | O24: 0 | P24: POWDER
A25: 126636 | B25: BEBELOVE 2 HiQEQ 24X200G FB RS | C25: 24 | D25: =E25*C25/1000 -> 4.8 | E25: 200 | F25: Indonesia | G25: Bebelac | H25: Bebelove 2 | I25: Bebelac FO | J25: FO | K25: Yellow | L25: WEST | M25: 0 | N25: =VLOOKUP(A25, zcorin_converter!A:L, 12, FALSE) -> Bag in Box | O25: 0 | P25: POWDER
A26: 126637 | B26: BEBELOVE 2 HiQEQ 24X400G FB RS | C26: 24 | D26: =E26*C26/1000 -> 9.6 | E26: 400 | F26: Indonesia | G26: Bebelac | H26: Bebelove 2 | I26: Bebelac FO | J26: FO | K26: Yellow | L26: WEST | M26: 0 | N26: =VLOOKUP(A26, zcorin_converter!A:L, 12, FALSE) -> Bag in Box | O26: 0 | P26: POWDER
A27: 126638 | B27: BEBELOVE 2 HiQEQ 12X800G CN RS | C27: 12 | D27: =E27*C27/1000 -> 9.6 | E27: 800 | F27: Indonesia | G27: Bebelac | H27: Bebelove 2 | I27: Bebelac FO | J27: FO | K27: Yellow | L27: WEST | M27: 0 | N27: =VLOOKUP(A27, zcorin_converter!A:L, 12, FALSE) -> Canning | O27: 0 | P27: POWDER
A28: 128113 | B28: DUMEX MAMIL GOLD SOY3 24X400 G CN (SG) | C28: 24 | D28: =C28*E28/1000 -> 9.6 | E28: 400 | F28: Singapore | G28: Export | H28: Export | I28: Soya GUM | J28: TN | K28: Export | L28: WEST | M28: 0 | N28: =VLOOKUP(A28, zcorin_converter!A:L, 12, FALSE) -> Canning | O28: 0 | P28: POWDER
A29: 128114 | B29: DUMEX MAMIL GOLD SOY3 12X800 G CN (SG) | C29: 12 | D29: =C29*E29/1000 -> 9.6 | E29: 800 | F29: Singapore | G29: Export | H29: Export | I29: Soya GUM | J29: TN | K29: Export | L29: WEST | M29: 0 | N29: =VLOOKUP(A29, zcorin_converter!A:L, 12, FALSE) -> Canning | O29: 0 | P29: POWDER
A30: 128115 | B30: DUMEX MAMIL GOLD SOY 1 3X900 G CN (SG) | C30: 3 | D30: =C30*E30/1000 -> 2.7 | E30: 900 | F30: Singapore | G30: Export | H30: Export | I30: Soya IF | J30: TN | K30: Export | L30: WEST | M30: 0 | N30: =VLOOKUP(A30, zcorin_converter!A:L, 12, FALSE) -> Canning | O30: 0 | P30: POWDER
A31: 129860 | B31: SGM LLM PRESINUTRI+ 24X400G FB GRD | C31: 24 | D31: =E31*C31/1000 -> 9.6 | E31: 400 | F31: Indonesia | G31: SGM | H31: LLM | I31: Low Lactose | J31: TN | K31: Red | L31: WEST | M31: 0 | N31: =VLOOKUP(A31, zcorin_converter!A:L, 12, FALSE) -> Bag in Box | O31: 0 | P31: POWDER
A32: 130061 | B32: SGM LLM PRESINUTRI+ 24X200G FB GRD | C32: 24 | D32: =E32*C32/1000 -> 4.8 | E32: 200 | F32: Indonesia | G32: SGM | H32: LLM | I32: Low Lactose | J32: TN | K32: Red | L32: WEST | M32: 0 | N32: =VLOOKUP(A32, zcorin_converter!A:L, 12, FALSE) -> Bag in Box | O32: 0 | P32: POWDER
A33: 130065 | B33: SGM SOYA ANANDA 6-12 24X400G FB GRD | C33: 24 | D33: =E33*C33/1000 -> 9.6 | E33: 400 | F33: Indonesia | G33: SGM | H33: SGM Soya 2 | I33: Soya FO | J33: TN | K33: Red | L33: WEST | M33: 0 | N33: =VLOOKUP(A33, zcorin_converter!A:L, 12, FALSE) -> Bag in Box | O33: 0 | P33: POWDER
A34: 130066 | B34: SGM SOYA ANANDA 6-12 10X700G FB GRD | C34: 10 | D34: =E34*C34/1000 -> 7 | E34: 700 | F34: Indonesia | G34: SGM | H34: SGM Soya 2 | I34: Soya FO | J34: TN | K34: Red | L34: WEST | M34: 0 | N34: =VLOOKUP(A34, zcorin_converter!A:L, 12, FALSE) -> Bag in Box | O34: 0 | P34: POWDER
A35: 130067 | B35: SGM SOYA ANANDA 0-6 24X200G FB GRD | C35: 24 | D35: =E35*C35/1000 -> 4.8 | E35: 200 | F35: Indonesia | G35: SGM | H35: SGM Soya 1 | I35: Soya IF | J35: TN | K35: Red | L35: WEST | M35: 0 | N35: =VLOOKUP(A35, zcorin_converter!A:L, 12, FALSE) -> Bag in Box | O35: 0 | P35: POWDER
A36: 130068 | B36: SGM SOYA EKSPLOR HNY 24X400G FB GRD | C36: 24 | D36: =E36*C36/1000 -> 9.6 | E36: 400 | F36: Indonesia | G36: SGM | H36: SGM Soya 3 | I36: Soya GUM | J36: TN | K36: Red | L36: WEST | M36: 0 | N36: =VLOOKUP(A36, zcorin_converter!A:L, 12, FALSE) -> Bag in Box | O36: 0 | P36: POWDER
A37: 130069 | B37: SGM SOYA EKSPLOR HNY 10X700G FB GRD | C37: 10 | D37: =E37*C37/1000 -> 7 | E37: 700 | F37: Indonesia | G37: SGM | H37: SGM Soya 3 | I37: Soya GUM | J37: TN | K37: Red | L37: WEST | M37: 0 | N37: =VLOOKUP(A37, zcorin_converter!A:L, 12, FALSE) -> Bag in Box | O37: 0 | P37: POWDER
A38: 130070 | B38: SGM SOYA EKSPLOR VAN 24X400G FB GRD | C38: 24 | D38: =E38*C38/1000 -> 9.6 | E38: 400 | F38: Indonesia | G38: SGM | H38: SGM Soya 3 | I38: Soya GUM | J38: TN | K38: Red | L38: WEST | M38: 0 | N38: =VLOOKUP(A38, zcorin_converter!A:L, 12, FALSE) -> Bag in Box | O38: 0 | P38: POWDER
A39: 130071 | B39: SGM SOYA EKSPLOR VAN 10X700G FB GRD | C39: 10 | D39: =E39*C39/1000 -> 7 | E39: 700 | F39: Indonesia | G39: SGM | H39: SGM Soya 3 | I39: Soya GUM | J39: TN | K39: Red | L39: WEST | M39: 0 | N39: =VLOOKUP(A39, zcorin_converter!A:L, 12, FALSE) -> Bag in Box | O39: 0 | P39: POWDER
A40: 130074 | B40: SGM BBLR PRESI+ 24X400G FB GRD | C40: 24 | D40: =E40*C40/1000 -> 9.6 | E40: 400 | F40: Indonesia | G40: SGM | H40: BBLR | I40: Preterm | J40: TN | K40: Red | L40: WEST | M40: 0 | N40: =VLOOKUP(A40, zcorin_converter!A:L, 12, FALSE) -> Bag in Box | O40: 0 | P40: POWDER
A41: 130075 | B41: SGM BBLR PRESI+ 24X200G FB GRD | C41: 24 | D41: =E41*C41/1000 -> 4.8 | E41: 200 | F41: Indonesia | G41: SGM | H41: BBLR | I41: Preterm | J41: TN | K41: Red | L41: WEST | M41: 0 | N41: =VLOOKUP(A41, zcorin_converter!A:L, 12, FALSE) -> Bag in Box | O41: 0 | P41: POWDER
A42: 130383 | B42: SG LACTOSE FREE 24X400G CN (MM) | C42: 24 | D42: =C42*E42/1000 -> 9.6 | E42: 400 | F42: Myanmar | G42: Export | H42: Export | I42: Specialties | J42: TN | K42: Export | L42: WEST | M42: 0 | N42: =VLOOKUP(A42, zcorin_converter!A:L, 12, FALSE) -> Canning | O42: 0 | P42: POWDER
A43: 130385 | B43: COW&GATE ALMIRON 24X400G CN (PK) NEW | C43: 24 | D43: =C43*E43/1000 -> 9.6 | E43: 400 | F43: Pakistan | G43: Export | H43: Export | I43: Specialties | J43: TN | K43: Export | L43: WEST | M43: 0 | N43: =VLOOKUP(A43, zcorin_converter!A:L, 12, FALSE) -> Canning | O43: 0 | P43: POWDER
A44: 130386 | B44: COW&GATE ALMIRON 24X200G FB (PK) NEW | C44: 24 | D44: =C44*E44/1000 -> 4.8 | E44: 200 | F44: Pakistan | G44: Export | H44: Export | I44: Specialties | J44: TN | K44: Export | L44: WEST | M44: 0 | N44: =VLOOKUP(A44, zcorin_converter!A:L, 12, FALSE) -> Bag in Box | O44: 0 | P44: POWDER
A45: 130824 | B45: KARICARE SOY 3X900G CN (AUS/NZ) | C45: 3 | D45: =C45*E45/1000 -> 2.7 | E45: 900 | F45: Australia | G45: Export | H45: Export | I45: Soya GUM | J45: TN | K45: Export | L45: WEST | M45: 0 | N45: =VLOOKUP(A45, zcorin_converter!A:L, 12, FALSE) -> Canning | O45: 0 | P45: POWDER
A46: 130861 | B46: SG LACTOSE FREE 24X400G CN (KH) | C46: 24 | D46: =C46*E46/1000 -> 9.6 | E46: 400 | F46: Cambodia | G46: Export | H46: Export | I46: Specialties | J46: TN | K46: Export | L46: WEST | M46: 0 | N46: =VLOOKUP(A46, zcorin_converter!A:L, 12, FALSE) -> Canning | O46: 0 | P46: POWDER
A47: 133083 | B47: COW & GATE BLUE 24X200G FB (LK) NR | C47: 24 | D47: =C47*E47/1000 -> 4.8 | E47: 200 | F47: SriLanka | G47: Export | H47: Export | I47: FO | J47: FO | K47: Export | L47: WEST | M47: 0 | N47: =VLOOKUP(A47, zcorin_converter!A:L, 12, FALSE) -> Bag in Box | O47: 0 | P47: POWDER
A48: 133084 | B48: COW & GATE BLUE 24X400G CN (LK) NR | C48: 24 | D48: =C48*E48/1000 -> 9.6 | E48: 400 | F48: SriLanka | G48: Export | H48: Export | I48: FO | J48: FO | K48: Export | L48: WEST | M48: 0 | N48: =VLOOKUP(A48, zcorin_converter!A:L, 12, FALSE) -> Canning | O48: 0 | P48: POWDER
A49: 133085 | B49: COW & GATE FORM S 24X200G FB (LK) NR | C49: 24 | D49: =C49*E49/1000 -> 4.8 | E49: 200 | F49: SriLanka | G49: Export | H49: Export | I49: Soya FO | J49: TN | K49: Export | L49: WEST | M49: 0 | N49: =VLOOKUP(A49, zcorin_converter!A:L, 12, FALSE) -> Bag in Box | O49: 0 | P49: POWDER
A50: 133086 | B50: COW & GATE NX ST 4 24X400G CN (LK) NR | C50: 24 | D50: =C50*E50/1000 -> 9.6 | E50: 400 | F50: SriLanka | G50: Export | H50: Export | I50: GUM | J50: GUM | K50: Export | L50: WEST | M50: 0 | N50: =VLOOKUP(A50, zcorin_converter!A:L, 12, FALSE) -> Canning | O50: 0 | P50: POWDER
A51: 133087 | B51: COW & GATE PREM 1 24X200G FB (LK) NR | C51: 24 | D51: =C51*E51/1000 -> 4.8 | E51: 200 | F51: SriLanka | G51: Export | H51: Export | I51: IF | J51: IF | K51: Export | L51: WEST | M51: 0 | N51: =VLOOKUP(A51, zcorin_converter!A:L, 12, FALSE) -> Bag in Box | O51: 0 | P51: POWDER
A52: 133088 | B52: COW & GATE PREM 1 24X400G CN (LK) NR | C52: 24 | D52: =C52*E52/1000 -> 9.6 | E52: 400 | F52: SriLanka | G52: Export | H52: Export | I52: IF | J52: IF | K52: Export | L52: WEST | M52: 0 | N52: =VLOOKUP(A52, zcorin_converter!A:L, 12, FALSE) -> Canning | O52: 0 | P52: POWDER
A53: 133090 | B53: COW & GATE ST UP 3 24X200G FB (LK) NR | C53: 24 | D53: =C53*E53/1000 -> 4.8 | E53: 200 | F53: SriLanka | G53: Export | H53: Export | I53: GUM | J53: GUM | K53: Export | L53: WEST | M53: 0 | N53: =VLOOKUP(A53, zcorin_converter!A:L, 12, FALSE) -> Bag in Box | O53: 0 | P53: POWDER
A54: 133261 | B54: COW & GATE ST UP 3 24X400G CN (LK) NR | C54: 24 | D54: =C54*E54/1000 -> 9.6 | E54: 400 | F54: SriLanka | G54: Export | H54: Export | I54: GUM | J54: GUM | K54: Export | L54: WEST | M54: 0 | N54: =VLOOKUP(A54, zcorin_converter!A:L, 12, FALSE) -> Canning | O54: 0 | P54: POWDER
A55: 133983 | B55: NL ROYAL 3 VAN 24X400G FB BS | C55: 24 | D55: =E55*C55/1000 -> 9.6 | E55: 400 | F55: Indonesia | G55: Nutrilon | H55: Nut Royal 3 | I55: GUM | J55: GUM | K55: Blue | L55: WEST | M55: 0 | N55: =VLOOKUP(A55, zcorin_converter!A:L, 12, FALSE) -> Bag in Box | O55: 0 | P55: POWDER
A56: 133984 | B56: NL ROYAL 4 HNY 24X400G FB BS | C56: 24 | D56: =E56*C56/1000 -> 9.6 | E56: 400 | F56: Indonesia | G56: Nutrilon | H56: Nut Royal 4 | I56: GUM | J56: GUM | K56: Blue | L56: WEST | M56: 0 | N56: =VLOOKUP(A56, zcorin_converter!A:L, 12, FALSE) -> Bag in Box | O56: 0 | P56: POWDER
A57: 133985 | B57: NL ROYAL 4 VAN 24X400G FB BS | C57: 24 | D57: =E57*C57/1000 -> 9.6 | E57: 400 | F57: Indonesia | G57: Nutrilon | H57: Nut Royal 4 | I57: GUM | J57: GUM | K57: Blue | L57: WEST | M57: 0 | N57: =VLOOKUP(A57, zcorin_converter!A:L, 12, FALSE) -> Bag in Box | O57: 0 | P57: POWDER
A58: 134025 | B58: NL ROYAL 3 HNY 6X2X900G MP BS | C58: 6 | D58: =E58*C58/1000 -> 10.8 | E58: 1800 | F58: Indonesia | G58: Nutrilon | H58: Nut Royal 3 | I58: GUM | J58: GUM | K58: Blue | L58: WEST | M58: 0 | N58: =VLOOKUP(A58, zcorin_converter!A:L, 12, FALSE) -> Bag in Box | O58: 0 | P58: POWDER
A59: 134026 | B59: NL ROYAL 3 HNY 24X400G FB BS | C59: 24 | D59: =E59*C59/1000 -> 9.6 | E59: 400 | F59: Indonesia | G59: Nutrilon | H59: Nut Royal 3 | I59: GUM | J59: GUM | K59: Blue | L59: WEST | M59: 0 | N59: =VLOOKUP(A59, zcorin_converter!A:L, 12, FALSE) -> Bag in Box | O59: 0 | P59: POWDER
A60: 134027 | B60: NL ROYAL 3 VAN 6X2X900G MP BS | C60: 6 | D60: =E60*C60/1000 -> 10.8 | E60: 1800 | F60: Indonesia | G60: Nutrilon | H60: Nut Royal 3 | I60: GUM | J60: GUM | K60: Blue | L60: WEST | M60: 0 | N60: =VLOOKUP(A60, zcorin_converter!A:L, 12, FALSE) -> Bag in Box | O60: 0 | P60: POWDER
A61: 134031 | B61: NL ROYAL 3 HNY 12X800G CN BS | C61: 12 | D61: =E61*C61/1000 -> 9.6 | E61: 800 | F61: Indonesia | G61: Nutrilon | H61: Nut Royal 3 | I61: GUM | J61: GUM | K61: Blue | L61: WEST | M61: 0 | N61: =VLOOKUP(A61, zcorin_converter!A:L, 12, FALSE) -> Canning | O61: 0 | P61: POWDER
A62: 134032 | B62: NL ROYAL 3 VAN 12X800G CN BS | C62: 12 | D62: =E62*C62/1000 -> 9.6 | E62: 800 | F62: Indonesia | G62: Nutrilon | H62: Nut Royal 3 | I62: GUM | J62: GUM | K62: Blue | L62: WEST | M62: 0 | N62: =VLOOKUP(A62, zcorin_converter!A:L, 12, FALSE) -> Canning | O62: 0 | P62: POWDER
A63: 134033 | B63: NL ROYAL 4 HNY 12X800G CN BS | C63: 12 | D63: =E63*C63/1000 -> 9.6 | E63: 800 | F63: Indonesia | G63: Nutrilon | H63: Nut Royal 4 | I63: GUM | J63: GUM | K63: Blue | L63: WEST | M63: 0 | N63: =VLOOKUP(A63, zcorin_converter!A:L, 12, FALSE) -> Canning | O63: 0 | P63: POWDER
A64: 134034 | B64: NL ROYAL 4 VAN 12X800G CN BS | C64: 12 | D64: =E64*C64/1000 -> 9.6 | E64: 800 | F64: Indonesia | G64: Nutrilon | H64: Nut Royal 4 | I64: GUM | J64: GUM | K64: Blue | L64: WEST | M64: 0 | N64: =VLOOKUP(A64, zcorin_converter!A:L, 12, FALSE) -> Canning | O64: 0 | P64: POWDER
A65: 134388 | B65: BEBELOVE GOLD 1 24X160G FB GL 2.0 | C65: 24 | D65: =E65*C65/1000 -> 3.84 | E65: 160 | F65: Indonesia | G65: Bebelac | H65: Bebelove Gold 1 | I65: Bgold IF | J65: IF | K65: Yellow | L65: WEST | M65: 0 | N65: =VLOOKUP(A65, zcorin_converter!A:L, 12, FALSE) -> Bag in Box | O65: 0 | P65: POWDER
A66: 134389 | B66: BEBELOVE GOLD 1 24X360G FB GL 2.0 | C66: 24 | D66: =E66*C66/1000 -> 8.64 | E66: 360 | F66: Indonesia | G66: Bebelac | H66: Bebelove Gold 1 | I66: Bgold IF | J66: IF | K66: Yellow | L66: WEST | M66: 0 | N66: =VLOOKUP(A66, zcorin_converter!A:L, 12, FALSE) -> Bag in Box | O66: 0 | P66: POWDER
... A69: 134593 | B69: BEBELAC GOLD 3 HNY 24X360G FB GL 2.0 | C69: 24 | D69: =E69*C69/1000 -> 8.64 | E69: 360 | F69: Indonesia | G69: Bebelac | H69: Bebelac Gold 3 | I69: Bgold GUM | J69: GUM | K69: Yellow | L69: WEST | M69: 0 | N69: =VLOOKUP(A69, zcorin_converter!A:L, 12, FALSE) -> Bag in Box | O69: 0 | P69: POWDER
A70: 134594 | B70: BEBELAC GOLD 3 HNY 10X700G FB GL 2.0 | C70: 10 | D70: =E70*C70/1000 -> 7 | E70: 700 | F70: Indonesia | G70: Bebelac | H70: Bebelac Gold 3 | I70: Bgold GUM | J70: GUM | K70: Yellow | L70: EAST | M70: =3900/24 -> 162.5 | N70: =VLOOKUP(A70, zcorin_converter!A:L, 12, FALSE) -> Bag in Box | O70: AB | P70: POWDER
A71: 134683 | B71: BEBELAC GOLD 3 VAN 24X360G FB GL 2.0 | C71: 24 | D71: =E71*C71/1000 -> 8.64 | E71: 360 | F71: Indonesia | G71: Bebelac | H71: Bebelac Gold 3 | I71: Bgold GUM | J71: GUM | K71: Yellow | L71: WEST | M71: 0 | N71: =VLOOKUP(A71, zcorin_converter!A:L, 12, FALSE) -> Bag in Box | O71: 0 | P71: POWDER
A72: 134684 | B72: BEBELAC GOLD 3 VAN 10X700G FB GL 2.0 | C72: 10 | D72: =E72*C72/1000 -> 7 | E72: 700 | F72: Indonesia | G72: Bebelac | H72: Bebelac Gold 3 | I72: Bgold GUM | J72: GUM | K72: Yellow | L72: WEST | M72: 0 | N72: =VLOOKUP(A72, zcorin_converter!A:L, 12, FALSE) -> Bag in Box | O72: 0 | P72: POWDER
A73: 136149 | B73: DUGRO SOY 3 VAN 24X400 G FB (TH) | C73: 24 | D73: =C73*E73/1000 -> 9.6 | E73: 400 | F73: Thailand | G73: Export | H73: Export | I73: Soya GUM | J73: TN | K73: Export | L73: WEST | M73: 0 | N73: =VLOOKUP(A73, zcorin_converter!A:L, 12, FALSE) -> Bag in Box | O73: 0 | P73: POWDER
A74: 136150 | B74: DUGRO SOY 3 VAN 6X2X800 G FB (TH) | C74: 6 | D74: =C74*E74/1000 -> 9.6 | E74: 1600 | F74: Thailand | G74: Export | H74: Export | I74: Soya GUM | J74: TN | K74: Export | L74: WEST | M74: 0 | N74: =VLOOKUP(A74, zcorin_converter!A:L, 12, FALSE) -> Bag in Box | O74: 0 | P74: POWDER
A75: 137829 | B75: NL ROYAL 4 VAN 6X2X900G MP BS | C75: 6 | D75: =E75*C75/1000 -> 10.8 | E75: 1800 | F75: Indonesia | G75: Nutrilon | H75: Nut Royal 4 | I75: GUM | J75: GUM | K75: Blue | L75: EAST | M75: =3000/24 -> 125 | N75: =VLOOKUP(A75, zcorin_converter!A:L, 12, FALSE) -> Bag in Box | O75: GH | P75: POWDER
A76: 137931 | B76: NL ROYAL SOYA 3 VAN 6X2X700G MP BS | C76: 6 | D76: =E76*C76/1000 -> 8.4 | E76: 1400 | F76: Indonesia | G76: Nutrilon | H76: NR Soya 3 | I76: Soya GUM | J76: TN | K76: Blue | L76: WEST | M76: 0 | N76: =VLOOKUP(A76, zcorin_converter!A:L, 12, FALSE) -> Bag in Box | O76: 0 | P76: POWDER
A77: 137932 | B77: NL ROYAL SOYA 3 VAN 24X350G FB BS | C77: 24 | D77: =E77*C77/1000 -> 8.4 | E77: 350 | F77: Indonesia | G77: Nutrilon | H77: NR Soya 3 | I77: Soya GUM | J77: TN | K77: Blue | L77: WEST | M77: 0 | N77: =VLOOKUP(A77, zcorin_converter!A:L, 12, FALSE) -> Bag in Box | O77: 0 | P77: POWDER
A78: 137933 | B78: NL ROYAL SOYA 4 VAN 24X350G FB BS | C78: 24 | D78: =E78*C78/1000 -> 8.4 | E78: 350 | F78: Indonesia | G78: Nutrilon | H78: NR Soya 4 | I78: Soya GUM | J78: TN | K78: Blue | L78: WEST | M78: 0 | N78: =VLOOKUP(A78, zcorin_converter!A:L, 12, FALSE) -> Bag in Box | O78: 0 | P78: POWDER
A79: 137934 | B79: NB ROYAL SOYA 2 24X350G FB BS | C79: 24 | D79: =E79*C79/1000 -> 8.4 | E79: 350 | F79: Indonesia | G79: Nutrilon | H79: NR Soya 2 | I79: Soya FO | J79: TN | K79: Blue | L79: WEST | M79: 0 | N79: =VLOOKUP(A79, zcorin_converter!A:L, 12, FALSE) -> Bag in Box | O79: 0 | P79: POWDER
A80: 137935 | B80: NB ROYAL SOYA 2 12X700G CN BS | C80: 12 | D80: =E80*C80/1000 -> 8.4 | E80: 700 | F80: Indonesia | G80: Nutrilon | H80: NR Soya 2 | I80: Soya FO | J80: TN | K80: Blue | L80: WEST | M80: 0 | N80: =VLOOKUP(A80, zcorin_converter!A:L, 12, FALSE) -> Canning | O80: 0 | P80: POWDER
A81: 137936 | B81: NL ROYAL SOYA 3 VAN 12X700G CN BS | C81: 12 | D81: =E81*C81/1000 -> 8.4 | E81: 700 | F81: Indonesia | G81: Nutrilon | H81: NR Soya 3 | I81: Soya GUM | J81: TN | K81: Blue | L81: WEST | M81: 0 | N81: =VLOOKUP(A81, zcorin_converter!A:L, 12, FALSE) -> Canning | O81: 0 | P81: POWDER
A82: 137937 | B82: NB ROYAL SOYA 1 24X350G FB BS | C82: 24 | D82: =E82*C82/1000 -> 8.4 | E82: 350 | F82: Indonesia | G82: Nutrilon | H82: NR Soya 1 | I82: Soya IF | J82: TN | K82: Blue | L82: WEST | M82: 0 | N82: =VLOOKUP(A82, zcorin_converter!A:L, 12, FALSE) -> Bag in Box | O82: 0 | P82: POWDER
A83: 140328 | B83: BEBELAC 5 HNY HiQEQ 10X700G FB PDW | C83: 10 | D83: =E83*C83/1000 -> 7 | E83: 700 | F83: Indonesia | G83: Bebelac | H83: Bebelac 5 | I83: Bebelac GUM | J83: GUM | K83: Yellow | L83: WEST | M83: 0 | N83: =VLOOKUP(A83, zcorin_converter!A:L, 12, FALSE) -> Bag in Box | O83: 0 | P83: POWDER
A84: 143632 | B84: DUPRO 1 IF 24X350G CN (BN) MYC | C84: 24 | D84: =C84*E84/1000 -> 8.4 | E84: 350 | F84: Brunei | G84: Export | H84: Export | I84: IF | J84: IF | K84: Export | L84: WEST | M84: 0 | N84: =VLOOKUP(A84, zcorin_converter!A:L, 12, FALSE) -> Canning | O84: 0 | P84: POWDER
A85: 144064 | B85: SG ST 1 24X400G CN (KH) MYC | C85: 24 | D85: =C85*E85/1000 -> 9.6 | E85: 400 | F85: Cambodia | G85: Export | H85: Export | I85: IF | J85: IF | K85: Export | L85: WEST | M85: 0 | N85: =VLOOKUP(A85, zcorin_converter!A:L, 12, FALSE) -> Canning | O85: 0 | P85: POWDER
A86: 145377 | B86: SG ST1 12X800G CN (KH) MYC | C86: 12 | D86: =C86*E86/1000 -> 9.6 | E86: 800 | F86: Cambodia | G86: Export | H86: Export | I86: IF | J86: IF | K86: Export | L86: WEST | M86: 0 | N86: =VLOOKUP(A86, zcorin_converter!A:L, 12, FALSE) -> Canning | O86: 0 | P86: POWDER
A87: 145379 | B87: SG ST2 12X800G CN (KH) MYC | C87: 12 | D87: =C87*E87/1000 -> 9.6 | E87: 800 | F87: Cambodia | G87: Export | H87: Export | I87: FO | J87: FO | K87: Export | L87: WEST | M87: 0 | N87: =VLOOKUP(A87, zcorin_converter!A:L, 12, FALSE) -> Canning | O87: 0 | P87: POWDER
A88: 146171 | B88: DUMEX MAMIL MAMA 12X850G SG NATURE MYC | C88: 12 | D88: =C88*E88/1000 -> 10.2 | E88: 850 | F88: Singapore | G88: Export | H88: Export | I88: P&BF | J88: P&BF | K88: Export | L88: WEST | M88: 0 | N88: =VLOOKUP(A88, zcorin_converter!A:L, 12, FALSE) -> Canning | O88: 0 | P88: POWDER
A89: 146175 | B89: DUGRO ST3 12X800G CN (KH) REJ MYC | C89: 12 | D89: =C89*E89/1000 -> 9.6 | E89: 800 | F89: Cambodia | G89: Export | H89: Export | I89: GUM | J89: GUM | K89: Export | L89: WEST | M89: 0 | N89: =VLOOKUP(A89, zcorin_converter!A:L, 12, FALSE) -> Canning | O89: 0 | P89: POWDER
A90: 147029 | B90: COW & GATE BLUE 2 24X350G FB (LK) | C90: 24 | D90: =C90*E90/1000 -> 8.4 | E90: 350 | F90: SriLanka | G90: Export | H90: Export | I90: FO | J90: FO | K90: Export | L90: WEST | M90: 0 | N90: =VLOOKUP(A90, zcorin_converter!A:L, 12, FALSE) -> Bag in Box | O90: 0 | P90: POWDER
A91: 147031 | B91: COW & GATE PREM 1 24X350G FB (LK) | C91: 24 | D91: =C91*E91/1000 -> 8.4 | E91: 350 | F91: SriLanka | G91: Export | H91: Export | I91: IF | J91: IF | K91: Export | L91: WEST | M91: 0 | N91: =VLOOKUP(A91, zcorin_converter!A:L, 12, FALSE) -> Bag in Box | O91: 0 | P91: POWDER
A92: 147667 | B92: NL ROYAL 3 HNY 6X2X900G MP BS2.0 | C92: 6 | D92: =E92*C92/1000 -> 10.8 | E92: 1800 | F92: Indonesia | G92: Nutrilon | H92: Nut Royal 3 | I92: GUM | J92: GUM | K92: Blue | L92: WEST | M92: 0 | N92: =VLOOKUP(A92, zcorin_converter!A:L, 12, FALSE) -> Bag in Box | O92: 0 | P92: POWDER
A93: 147668 | B93: NL ROYAL 3 VAN 6X2X900G MP BS2.0 | C93: 6 | D93: =E93*C93/1000 -> 10.8 | E93: 1800 | F93: Indonesia | G93: Nutrilon | H93: Nut Royal 3 | I93: GUM | J93: GUM | K93: Blue | L93: WEST | M93: 0 | N93: =VLOOKUP(A93, zcorin_converter!A:L, 12, FALSE) -> Bag in Box | O93: 0 | P93: POWDER
A94: 147669 | B94: NL ROYAL 3 VAN 24X400G FB BS2.0 | C94: 24 | D94: =E94*C94/1000 -> 9.6 | E94: 400 | F94: Indonesia | G94: Nutrilon | H94: Nut Royal 3 | I94: GUM | J94: GUM | K94: Blue | L94: WEST | M94: 0 | N94: =VLOOKUP(A94, zcorin_converter!A:L, 12, FALSE) -> Bag in Box | O94: 0 | P94: POWDER
A95: 147670 | B95: NL ROYAL 3 HNY 24X400G FB BS2.0 | C95: 24 | D95: =E95*C95/1000 -> 9.6 | E95: 400 | F95: Indonesia | G95: Nutrilon | H95: Nut Royal 3 | I95: GUM | J95: GUM | K95: Blue | L95: WEST | M95: 0 | N95: =VLOOKUP(A95, zcorin_converter!A:L, 12, FALSE) -> Bag in Box | O95: 0 | P95: POWDER
A96: 147671 | B96: NL ROYAL 3 VAN 12X800G CN BS2.0 | C96: 12 | D96: =E96*C96/1000 -> 9.6 | E96: 800 | F96: Indonesia | G96: Nutrilon | H96: Nut Royal 3 | I96: GUM | J96: GUM | K96: Blue | L96: WEST | M96: 0 | N96: =VLOOKUP(A96, zcorin_converter!A:L, 12, FALSE) -> Canning | O96: 0 | P96: POWDER
A97: 147672 | B97: NL ROYAL 3 HNY 12X800G CN BS2.0 | C97: 12 | D97: =E97*C97/1000 -> 9.6 | E97: 800 | F97: Indonesia | G97: Nutrilon | H97: Nut Royal 3 | I97: GUM | J97: GUM | K97: Blue | L97: WEST | M97: 0 | N97: =VLOOKUP(A97, zcorin_converter!A:L, 12, FALSE) -> Canning | O97: 0 | P97: POWDER
A98: 149698 | B98: SG MAMA 24X400G CN (KH) MYC | C98: 24 | D98: =C98*E98/1000 -> 9.6 | E98: 400 | F98: Cambodia | G98: Export | H98: Export | I98: P&BF | J98: P&BF | K98: Export | L98: WEST | M98: 0 | N98: =VLOOKUP(A98, zcorin_converter!A:L, 12, FALSE) -> Canning | O98: 0 | P98: POWDER
A99: 149701 | B99: DUMEX MAMIL MAMA 24X400G SG NTR MYC | C99: 24 | D99: =C99*E99/1000 -> 9.6 | E99: 400 | F99: Singapore | G99: Export | H99: Export | I99: P&BF | J99: P&BF | K99: Export | L99: WEST | M99: 0 | N99: =VLOOKUP(A99, zcorin_converter!A:L, 12, FALSE) -> Canning | O99: 0 | P99: POWDER
A100: 149881 | B100: DUPRO IF 12X800G CN (KH) MYC | C100: 12 | D100: =C100*E100/1000 -> 9.6 | E100: 800 | F100: Cambodia | G100: Export | H100: Export | I100: IF | J100: IF | K100: Export | L100: WEST | M100: 0 | N100: =VLOOKUP(A100, zcorin_converter!A:L, 12, FALSE) -> Canning | O100: 0 | P100: POWDER
A101: 149882 | B101: DUMEX DUPRO IF 12X800G CN (MM) MYC | C101: 12 | D101: =C101*E101/1000 -> 9.6 | E101: 800 | F101: Myanmar | G101: Export | H101: Export | I101: IF | J101: IF | K101: Export | L101: WEST | M101: 0 | N101: =VLOOKUP(A101, zcorin_converter!A:L, 12, FALSE) -> Canning | O101: 0 | P101: POWDER
A102: 149883 | B102: DUPRO 1 IF 12X800G CN (BN) MYC | C102: 12 | D102: =C102*E102/1000 -> 9.6 | E102: 800 | F102: Brunei | G102: Export | H102: Export | I102: IF | J102: IF | K102: Export | L102: WEST | M102: 0 | N102: =VLOOKUP(A102, zcorin_converter!A:L, 12, FALSE) -> Canning | O102: 0 | P102: POWDER
...

Sheet zcorin_converter
A1: material | B1: material_description | C1: country | D1: brand | E1: sub_brand | F1: category | G1: big_category | H1: house | I1: size | J1: pcs_cb | K1: kg_cb | L1: pack_format | M1: size_format | N1: insource_or_outsource | O1: machine_1 | P1: created_at | Q1: updated_at
A2: 1H1500 | B2: SGM E1+ HONEY 10X1500G FB BOLT | C2: Indonesia | D2: SGM | E2: SGM 3 | F2: SGM GUM | G2: GUM | I2: 1500.0 | J2: 10.0 | K2: 15.0 | L2: Bag in Box | M2: Big | N2: Insource | O2: GH | P2: 2026-01-14 07:35:15.367044+00 | Q2: 2026-01-14 07:35:15.367044+00
A3: 1H1050 | B3: SGM E1+ HONEY 10X1050G FB BOLT VAL PCK | C3: Indonesia | D3: SGM | E3: SGM 3 | F3: SGM GUM | G3: GUM | I3: 1050.0 | J3: 10.0 | K3: 10.5 | L3: Bag in Box | M3: Big | N3: Insource | O3: JK | P3: 2026-01-14 07:35:15.367044+00 | Q3: 2026-01-14 07:35:15.367044+00
A4: 3V1500 | B4: SGM E3+ VANILLA 10X1500G FB BOLT | C4: Indonesia | D4: SGM | E4: SGM 4 | F4: SGM GUM | G4: GUM | I4: 1500.0 | J4: 10.0 | K4: 15.0 | L4: Bag in Box | M4: Big | N4: Insource | O4: GH | P4: 2026-01-14 07:35:15.367044+00 | Q4: 2026-01-14 07:35:15.367044+00
A5: 3H1500 | B5: SGM E3+ HONEY 10X1500G FB BOLT | C5: Indonesia | D5: SGM | E5: SGM 4 | F5: SGM GUM | G5: GUM | I5: 1500.0 | J5: 10.0 | K5: 15.0 | L5: Bag in Box | M5: Big | N5: Insource | O5: GH | P5: 2026-01-14 07:35:15.367044+00 | Q5: 2026-01-14 07:35:15.367044+00
A6: 1V1500 | B6: SGM E1+ VANILLA 10X1500G FB BOLT | C6: Indonesia | D6: SGM | E6: SGM 3 | F6: SGM GUM | G6: GUM | I6: 1500.0 | J6: 10.0 | K6: 15.0 | L6: Bag in Box | M6: Big | N6: Insource | O6: GH | P6: 2026-01-14 07:35:15.367044+00 | Q6: 2026-01-14 07:35:15.367044+00
A7: 3V1050 | B7: SGM E3+ VANILLA 10X1050G FB BOLT VAL PCK | C7: Indonesia | D7: SGM | E7: SGM 4 | F7: SGM GUM | G7: GUM | I7: 1050.0 | J7: 10.0 | K7: 10.5 | L7: Bag in Box | M7: Big | N7: Insource | O7: JK | P7: 2026-01-14 07:35:15.367044+00 | Q7: 2026-01-14 07:35:15.367044+00
A8: 3H1050 | B8: SGM E3+ HONEY 10X1050G FB BOLT VAL PCK | C8: Indonesia | D8: SGM | E8: SGM 4 | F8: SGM GUM | G8: GUM | I8: 1050.0 | J8: 10.0 | K8: 10.5 | L8: Bag in Box | M8: Big | N8: Insource | O8: JK | P8: 2026-01-14 07:35:15.367044+00 | Q8: 2026-01-14 07:35:15.367044+00
A9: 1V1050 | B9: SGM E1+ VANILLA 10X1050G FB BOLT VAL PCK | C9: Indonesia | D9: SGM | E9: SGM 3 | F9: SGM GUM | G9: GUM | I9: 1050.0 | J9: 10.0 | K9: 10.5 | L9: Bag in Box | M9: Big | N9: Insource | O9: JK | P9: 2026-01-14 07:35:15.367044+00 | Q9: 2026-01-14 07:35:15.367044+00
A10: 196882A | B10: SGM E5+ CHOCO 10X900G FB GRD 2.1 BOLT | C10: Indonesia | D10: SGM | E10: SGM 5 | F10: SGM GUM | G10: GUM | I10: 900.0 | J10: 10.0 | K10: 9.0 | L10: Bag in Box | M10: Big | N10: Insource | O10: GH | P10: 2026-01-14 07:35:15.367044+00 | Q10: 2026-01-14 07:35:15.367044+00
A11: 196881A | B11: SGM E5+ HONEY 10X900G FB GRD 2.1 BOLT | C11: Indonesia | D11: SGM | E11: SGM 5 | F11: SGM GUM | G11: GUM | I11: 900.0 | J11: 10.0 | K11: 9.0 | L11: Bag in Box | M11: Big | N11: Insource | O11: GH | P11: 2026-01-14 07:35:15.367044+00 | Q11: 2026-01-14 07:35:15.367044+00
A12: 208362A | B12: SGM E5+ VANILLA 12X575G FB GRD 3.0 BOLT | C12: Indonesia | D12: SGM | E12: SGM 5 | F12: SGM GUM | G12: GUM | I12: 575.0 | J12: 12.0 | K12: 6.9 | L12: Bag in Box | M12: Big | N12: Insource | O12: JK | P12: 2026-01-14 07:35:15.367044+00 | Q12: 2026-01-14 07:35:15.367044+00
A13: 206030A | B13: SGM E5+ HONEY 12X575G FB ROBLOX BOLT | C13: Indonesia | D13: SGM | E13: SGM 5 | F13: SGM GUM | G13: GUM | I13: 575.0 | J13: 12.0 | K13: 6.9 | L13: Bag in Box | M13: Big | N13: Insource | O13: JK | P13: 2026-01-14 07:35:15.367044+00 | Q13: 2026-01-14 07:35:15.367044+00
... A39: 196642A | B39: SGM E1+ HONEY 48X150G FB GRD 2.1 BOLT | C39: Indonesia | D39: SGM | E39: SGM 3 | F39: SGM GUM | G39: GUM | I39: 150.0 | J39: 48.0 | K39: 7.2 | L39: Bag in Box | M39: Small | N39: Insource | O39: VW | P39: 2026-01-14 07:35:15.367044+00 | Q39: 2026-01-14 07:35:15.367044+00
A40: 196668A | B40: SGM ANANDA 6-12 10X1000G FB GRD 2.1 BOLT | C40: Indonesia | D40: SGM | E40: SGM 2 | F40: SGM FO | G40: FO | H40: Red | I40: 1000.0 | J40: 10.0 | K40: 10.0 | L40: Bag in Box | M40: Big | N40: Insource | O40: L2 | P40: 2026-01-14 07:35:15.367044+00 | Q40: 2026-01-14 07:35:15.367044+00
A41: 210728A | B41: SGM ANANDA 6-12 12X550G FB GRD FLASH BOLT | C41: Indonesia | D41: SGM | E41: SGM 2 | F41: SGM FO | G41: FO | H41: Red | I41: 550.0 | J41: 12.0 | K41: 6.6 | L41: Bag in Box | M41: Medium | N41: Insource | O41: L4 | P41: 2026-01-14 07:35:15.367044+00 | Q41: 2026-01-14 07:35:15.367044+00
A42: 196666A | B42: SGM ANANDA 6-12 24X400G FB GRD 2.1 BOLT | C42: Indonesia | D42: SGM | E42: SGM 2 | F42: SGM FO | G42: FO | H42: Red | I42: 400.0 | J42: 24.0 | K42: 9.6 | L42: Bag in Box | M42: Medium | N42: Insource | O42: L4 | P42: 2026-01-14 07:35:15.367044+00 | Q42: 2026-01-14 07:35:15.367044+00
A43: 196665A | B43: SGM ANANDA 6-12 48X150G FB GRD 2.1 BOLT | C43: Indonesia | D43: SGM | E43: SGM 2 | F43: SGM FO | G43: FO | H43: Red | I43: 150.0 | J43: 48.0 | K43: 7.2 | L43: Bag in Box | M43: Small | N43: Insource | O43: L3 | P43: 2026-01-14 07:35:15.367044+00 | Q43: 2026-01-14 07:35:15.367044+00
A44: 196664A | B44: SGM ANANDA 6-12 48X120G FB GRD 2.1 BOLT | C44: Indonesia | D44: SGM | E44: SGM 2 | F44: SGM FO | G44: FO | H44: Red | I44: 120.0 | J44: 48.0 | K44: 5.76 | L44: Bag in Box | M44: Small | N44: Insource | O44: L3 | P44: 2026-01-14 07:35:15.367044+00 | Q44: 2026-01-14 07:35:15.367044+00
A45: 196673A | B45: SGM ANANDA 0-6 10X1000G FB GRD 2.1 BOLT | C45: Indonesia | D45: SGM | E45: SGM 1 | F45: SGM IF | G45: IF | H45: Red | I45: 1000.0 | J45: 10.0 | K45: 10.0 | L45: Bag in Box | M45: Big | N45: Insource | O45: L2 | P45: 2026-01-14 07:35:15.367044+00 | Q45: 2026-01-14 07:35:15.367044+00
A46: 210729A | B46: SGM ANANDA 0-6 12X550G FB GRD FLASH BOLT | C46: Indonesia | D46: SGM | E46: SGM 1 | F46: SGM IF | G46: IF | H46: Red | I46: 550.0 | J46: 12.0 | K46: 6.6 | L46: Bag in Box | M46: Medium | N46: Insource | O46: L2 | P46: 2026-01-14 07:35:15.367044+00 | Q46: 2026-01-14 07:35:15.367044+00
A47: 196671A | B47: SGM ANANDA 0-6 24X400G FB GRD 2.1 BOLT | C47: Indonesia | D47: SGM | E47: SGM 1 | F47: SGM IF | G47: IF | H47: Red | I47: 400.0 | J47: 24.0 | K47: 9.6 | L47: Bag in Box | M47: Medium | N47: Insource | O47: L4 | P47: 2026-01-14 07:35:15.367044+00 | Q47: 2026-01-14 07:35:15.367044+00
A48: 196670A | B48: SGM ANANDA 0-6 48X150G FB GRD 2.1 BOLT | C48: Indonesia | D48: SGM | E48: SGM 1 | F48: SGM IF | G48: IF | H48: Red | I48: 150.0 | J48: 48.0 | K48: 7.2 | L48: Bag in Box | M48: Small | N48: Insource | O48: L3 | P48: 2026-01-14 07:35:15.367044+00 | Q48: 2026-01-14 07:35:15.367044+00
A49: 196669A | B49: SGM ANANDA 0-6 48X120G FB GRD 2.1 BOLT | C49: Indonesia | D49: SGM | E49: SGM 1 | F49: SGM IF | G49: IF | H49: Red | I49: 120.0 | J49: 48.0 | K49: 5.76 | L49: Bag in Box | M49: Small | N49: Insource | O49: L3 | P49: 2026-01-14 07:35:15.367044+00 | Q49: 2026-01-14 07:35:15.367044+00
A50: 213540 | B50: HIQ SG PLAIN 24X165ML SP RTD FC | C50: Thailand | D50: Export | E50: Export | F50: RTD | G50: RTD | H50: Export | I50: 165.0 | J50: 24.0 | K50: 4.1184 | L50: RTD | M50: Small | N50: Outsource | O50: 3rd Party | P50: 2026-01-14 07:35:15.367044+00 | Q50: 2026-01-14 07:35:15.367044+00
A51: 213541 | B51: DUMEX SG KID PLAIN 24X165 ML SP RTD FC | C51: Cambodia | D51: Export | E51: Export | F51: RTD | G51: RTD | H51: Export | I51: 165.0 | J51: 24.0 | K51: 4.1184 | L51: RTD | M51: Small | N51: Outsource | O51: 3rd Party | P51: 2026-01-14 07:35:15.367044+00 | Q51: 2026-01-14 07:35:15.367044+00
... A544: 143492 | B544: MILUPA LACTAMIL 21X200G FB BS | C544: Turkey | D544: Export | E544: Export | F544: P&BF | G544: P&BF | H544: Blue | I544: 200.0 | J544: 21.0 | K544: 4.2 | L544: Bag in Box | M544: Small | N544: Insource | O544: AB | P544: 2026-01-14 07:35:15.367044+00 | Q544: 2026-01-14 07:35:15.367044+00
A545: 140708 | B545: SGM AKTIF STRAW 10X4X110ML RTD MP | C545: Indonesia | D545: SGM | E545: SGM RTD | F545: SGM RTD | G545: RTD | H545: Red | K545: 4.597999226616531 | N545: Outsource | O545: 3rd Party | P545: 2026-01-14 07:35:15.367044+00 | Q545: 2026-01-14 07:35:15.367044+00
A546: 140705 | B546: SGM AKTIF CHOCO 10X4X110ML RTD MP | C546: Indonesia | D546: SGM | E546: SGM RTD | F546: SGM RTD | G546: RTD | H546: Red | K546: 4.5935996457416 | N546: Outsource | O546: 3rd Party | P546: 2026-01-14 07:35:15.367044+00 | Q546: 2026-01-14 07:35:15.367044+00
A547: 140702 | B547: LACTAMIL INISIS CHOCO 18X400G BS | C547: Indonesia | D547: Lactamil | E547: Lactamil | F547: Lactamil | G547: P&BF | H547: Blue | I547: 400.0 | J547: 18.0 | K547: 7.2 | L547: Bag in Box | M547: Medium | N547: Insource | O547: 3rd Party | P547: 2026-01-14 07:35:15.367044+00 | Q547: 2026-01-14 07:35:15.367044+00
A548: 140701 | B548: LACTAMIL LACT CHOCO 18X400G BS | C548: Indonesia | D548: Lactamil | E548: Lactamil | F548: Lactamil | G548: P&BF | H548: Blue | I548: 400.0 | J548: 18.0 | K548: 7.2 | L548: Bag in Box | M548: Medium | N548: Insource | O548: 3rd Party | P548: 2026-01-14 07:35:15.367044+00 | Q548: 2026-01-14 07:35:15.367044+00
A549: 140440 | B549: LACTAMIL PREG VANILA 18X400G BS | C549: Indonesia | D549: Lactamil | E549: Lactamil | F549: Lactamil | G549: P&BF | H549: Blue | I549: 400.0 | J549: 18.0 | K549: 7.2 | L549: Bag in Box | M549: Medium | N549: Insource | O549: AB | P549: 2026-01-14 07:35:15.367044+00 | Q549: 2026-01-14 07:35:15.367044+00
A550: 140439 | B550: LACTAMIL PREG CHOCO 18X400G BS | C550: Indonesia | D550: Lactamil | E550: Lactamil | F550: Lactamil | G550: P&BF | H550: Blue | I550: 400.0 | J550: 18.0 | K550: 7.2 | L550: Bag in Box | M550: Medium | N550: Insource | O550: 3rd Party | P550: 2026-01-14 07:35:15.367044+00 | Q550: 2026-01-14 07:35:15.367044+00
A551: 140438 | B551: LACTAMIL LACT VAN 18X400G BS | C551: Indonesia | D551: Lactamil | E551: Lactamil | F551: Lactamil | G551: P&BF | H551: Blue | I551: 400.0 | J551: 18.0 | K551: 7.2 | L551: Bag in Box | M551: Medium | N551: Insource | O551: AB | P551: 2026-01-14 07:35:15.367044+00 | Q551: 2026-01-14 07:35:15.367044+00
A552: 140437 | B552: LACTAMIL LACT CHOCO 21X200G BS | C552: Indonesia | D552: Lactamil | E552: Lactamil | F552: Lactamil | G552: P&BF | H552: Blue | I552: 200.0 | J552: 21.0 | K552: 4.2 | L552: Bag in Box | M552: Small | N552: Insource | O552: 3rd Party | P552: 2026-01-14 07:35:15.367044+00 | Q552: 2026-01-14 07:35:15.367044+00
A553: 140436 | B553: LACTAMIL PREG VANILA 21X200G BS | C553: Indonesia | D553: Lactamil | E553: Lactamil | F553: Lactamil | G553: P&BF | H553: Blue | I553: 200.0 | J553: 21.0 | K553: 4.2 | L553: Bag in Box | M553: Small | N553: Insource | O553: AB | P553: 2026-01-14 07:35:15.367044+00 | Q553: 2026-01-14 07:35:15.367044+00
A554: 140435 | B554: LACTAMIL PREG CHOCO 21X200G BS | C554: Indonesia | D554: Lactamil | E554: Lactamil | F554: Lactamil | G554: P&BF | H554: Blue | I554: 200.0 | J554: 21.0 | K554: 4.2 | L554: Bag in Box | M554: Small | N554: Insource | O554: 3rd Party | P554: 2026-01-14 07:35:15.367044+00 | Q554: 2026-01-14 07:35:15.367044+00
A555: 140434 | B555: LACTAMIL PREG STRAW 21X200G BS | C555: Indonesia | D555: Lactamil | E555: Lactamil | F555: Lactamil | G555: P&BF | H555: Blue | I555: 200.0 | J555: 21.0 | K555: 4.2 | L555: Bag in Box | M555: Small | N555: Insource | O555: AB | P555: 2026-01-14 07:35:15.367044+00 | Q555: 2026-01-14 07:35:15.367044+00
A556: 140433 | B556: LACTAMIL INISIS CHOCO 21X200G BS | C556: Indonesia | D556: Lactamil | E556: Lactamil | F556: Lactamil | G556: P&BF | H556: Blue | I556: 200.0 | J556: 21.0 | K556: 4.2 | L556: Bag in Box | M556: Small | N556: Insource | O556: 3rd Party | P556: 2026-01-14 07:35:15.367044+00 | Q556: 2026-01-14 07:35:15.367044+00
A557: 140328 | B557: BEBELAC 5 HNY HiQEQ 10X700G FB PDW | C557: Indonesia | D557: Bebelac | E557: Bebelac 5 | F557: Bebelac GUM | G557: GUM | H557: Yellow | I557: 700.0 | J557: 10.0 | K557: 7.0 | L557: Bag in Box | M557: Big | N557: Insource | O557: ROV1 | P557: 2026-01-14 07:35:15.367044+00 | Q557: 2026-01-14 07:35:15.367044+00
A558: 138818 | B558: BEBELAC GO CHOCO 10X4X112ML RTD MP | C558: Indonesia | D558: Bebelac | E558: Bebelac RTD | F558: Bebelac RTD | G558: RTD | H558: Yellow | J558: 10.0 | K558: 4.721992680911344 | N558: Outsource | O558: 3rd Party | P558: 2026-01-14 07:35:15.367044+00 | Q558: 2026-01-14 07:35:15.367044+00
A559: 138815 | B559: BEBELAC GO VANILLA 10X4X112ML RTD MP | C559: Indonesia | D559: Bebelac | E559: Bebelac RTD | F559: Bebelac RTD | G559: RTD | H559: Yellow | J559: 10.0 | K559: 4.6953867824862074 | N559: Outsource | O559: 3rd Party | P559: 2026-01-14 07:35:15.367044+00 | Q559: 2026-01-14 07:35:15.367044+00
A560: 137937 | B560: NB ROYAL SOYA 1 24X350G FB BS | C560: Indonesia | D560: Nutrilon | E560: NR Soya 1 | F560: Soya IF | G560: TN | H560: Blue | I560: 350.0 | J560: 24.0 | K560: 8.4 | L560: Bag in Box | M560: Medium | N560: Insource | O560: L2 | P560: 2026-01-14 07:35:15.367044+00 | Q560: 2026-01-14 07:35:15.367044+00
A561: 137936 | B561: NL ROYAL SOYA 3 VAN 12X700G CN BS | C561: Indonesia | D561: Nutrilon | E561: NR Soya 3 | F561: Soya GUM | G561: TN | H561: Blue | I561: 700.0 | J561: 12.0 | K561: 8.4 | L561: Canning | M561: Canning | N561: Insource | O561: CANL | P561: 2026-01-14 07:35:15.367044+00 | Q561: 2026-01-14 07:35:15.367044+00
A562: 137935 | B562: NB ROYAL SOYA 2 12X700G CN BS | C562: Indonesia | D562: Nutrilon | E562: NR Soya 2 | F562: Soya FO | G562: TN | H562: Blue | I562: 700.0 | J562: 12.0 | K562: 8.4 | L562: Canning | M562: Canning | N562: Insource | O562: CANL | P562: 2026-01-14 07:35:15.367044+00 | Q562: 2026-01-14 07:35:15.367044+00
A563: 137934 | B563: NB ROYAL SOYA 2 24X350G FB BS | C563: Indonesia | D563: Nutrilon | E563: NR Soya 2 | F563: Soya FO | G563: TN | H563: Blue | I563: 350.0 | J563: 24.0 | K563: 8.4 | L563: Bag in Box | M563: Medium | N563: Insource | O563: L2 | P563: 2026-01-14 07:35:15.367044+00 | Q563: 2026-01-14 07:35:15.367044+00
A564: 137933 | B564: NL ROYAL SOYA 4 VAN 24X350G FB BS | C564: Indonesia | D564: Nutrilon | E564: NR Soya 4 | F564: Soya GUM | G564: TN | H564: Blue | I564: 350.0 | J564: 24.0 | K564: 8.4 | L564: Bag in Box | M564: Medium | N564: Insource | O564: L2 | P564: 2026-01-14 07:35:15.367044+00 | Q564: 2026-01-14 07:35:15.367044+00
A565: 137932 | B565: NL ROYAL SOYA 3 VAN 24X350G FB BS | C565: Indonesia | D565: Nutrilon | E565: NR Soya 3 | F565: Soya GUM | G565: TN | H565: Blue | I565: 350.0 | J565: 24.0 | K565: 8.4 | L565: Bag in Box | M565: Medium | N565: Insource | O565: L2 | P565: 2026-01-14 07:35:15.367044+00 | Q565: 2026-01-14 07:35:15.367044+00
A566: 137931 | B566: NL ROYAL SOYA 3 VAN 6X2X700G MP BS | C566: Indonesia | D566: Nutrilon | E566: NR Soya 3 | F566: Soya GUM | G566: TN | H566: Blue | I566: 1400.0 | J566: 6.0 | K566: 8.4 | L566: Bag in Box | M566: Big | N566: Insource | O566: ROV1 | P566: 2026-01-14 07:35:15.367044+00 | Q566: 2026-01-14 07:35:15.367044+00
A567: 137829 | B567: NL ROYAL 4 VAN 6X2X900G MP BS | C567: Indonesia | D567: Nutrilon | E567: Nut Royal 4 | F567: GUM | G567: GUM | H567: Blue | I567: 1800.0 | J567: 6.0 | K567: 10.8 | L567: Bag in Box | M567: Big | N567: Insource | O567: GH | P567: 2026-01-14 07:35:15.367044+00 | Q567: 2026-01-14 07:35:15.367044+00
A568: 137639 | B568: SGM AKTIF STRAW 40X110ML RTD | C568: Indonesia | D568: SGM | E568: SGM RTD | F568: SGM RTD | G568: RTD | H568: Red | K568: 4.597999226616531 | N568: Outsource | O568: 3rd Party | P568: 2026-01-14 07:35:15.367044+00 | Q568: 2026-01-14 07:35:15.367044+00
A569: 137636 | B569: SGM AKTIF CHOCO 40X110ML RTD | C569: Indonesia | D569: SGM | E569: SGM RTD | F569: SGM RTD | G569: RTD | H569: Red | K569: 4.5935996457416 | N569: Outsource | O569: 3rd Party | P569: 2026-01-14 07:35:15.367044+00 | Q569: 2026-01-14 07:35:15.367044+00
A570: 137628 | B570: SGM E3+ HONEY 48X150G FB GRD | C570: Indonesia | D570: SGM | E570: SGM 4 | F570: SGM GUM | G570: GUM | H570: Red | I570: 150.0 | J570: 48.0 | K570: 7.2 | L570: Bag in Box | M570: Small | N570: Insource | O570: VW | P570: 2026-01-14 07:35:15.367044+00 | Q570: 2026-01-14 07:35:15.367044+00
A571: 137626 | B571: SGM E1+ VANILLA 48X150G FB GRD | C571: Indonesia | D571: SGM | E571: SGM 3 | F571: SGM GUM | G571: GUM | H571: Red | I571: 150.0 | J571: 48.0 | K571: 7.2 | L571: Bag in Box | M571: Small | N571: Insource | O571: EF | P571: 2026-01-14 07:35:15.367044+00 | Q571: 2026-01-14 07:35:15.367044+00
A572: 137625 | B572: SGM E1+ HONEY 48X150G FB GRD | C572: Indonesia | D572: SGM | E572: SGM 3 | F572: SGM GUM | G572: GUM | H572: Red | I572: 150.0 | J572: 48.0 | K572: 7.2 | L572: Bag in Box | M572: Small | N572: Insource | O572: VW | P572: 2026-01-14 07:35:15.367044+00 | Q572: 2026-01-14 07:35:15.367044+00
A573: 137622 | B573: SGM E3+ VANILLA 21X400G FB GRD | C573: Indonesia | D573: SGM | E573: SGM 4 | F573: SGM GUM | G573: GUM | H573: Red | I573: 400.0 | J573: 21.0 | K573: 8.4 | L573: Bag in Box | M573: Medium | N573: Insource | O573: TU | P573: 2026-01-14 07:35:15.367044+00 | Q573: 2026-01-14 07:35:15.367044+00
A574: 137611 | B574: SGM ANANDA 6-12 48X150G FB GRD | C574: Indonesia | D574: SGM | E574: SGM 2 | F574: SGM FO | G574: FO | H574: Red | I574: 150.0 | J574: 48.0 | K574: 7.2 | L574: Bag in Box | M574: Small | N574: Insource | O574: EF | P574: 2026-01-14 07:35:15.367044+00 | Q574: 2026-01-14 07:35:15.367044+00
A575: 137610 | B575: SGM ANANDA 0-6 48X150G FB GRD | C575: Indonesia | D575: SGM | E575: SGM 1 | F575: SGM IF | G575: IF | H575: Red | I575: 150.0 | J575: 48.0 | K575: 7.2 | L575: Bag in Box | M575: Small | N575: Insource | O575: XY | P575: 2026-01-14 07:35:15.367044+00 | Q575: 2026-01-14 07:35:15.367044+00
A576: 137609 | B576: SGM ANANDA 6-12 48X120G FB GRD | C576: Indonesia | D576: SGM | E576: SGM 2 | F576: SGM FO | G576: FO | H576: Red | I576: 120.0 | J576: 48.0 | K576: 5.76 | L576: Bag in Box | M576: Small | N576: Insource | O576: EF | P576: 2026-01-14 07:35:15.367044+00 | Q576: 2026-01-14 07:35:15.367044+00
A577: 137608 | B577: SGM ANANDA 0-6 48X120G FB GRD | C577: Indonesia | D577: SGM | E577: SGM 1 | F577: SGM IF | G577: IF | H577: Red | I577: 120.0 | J577: 48.0 | K577: 5.76 | L577: Bag in Box | M577: Small | N577: Insource | O577: XY | P577: 2026-01-14 07:35:15.367044+00 | Q577: 2026-01-14 07:35:15.367044+00
A578: 137605 | B578: SGM Eksplor 1+ Plain 400g LUMINA | C578: Indonesia | D578: SGM | E578: SGM 3 | F578: SGM GUM | G578: GUM | H578: Red | I578: 400.0 | J578: 21.0 | K578: 8.4 | L578: Bag in Box | M578: Medium | N578: Insource | O578: TU | P578: 2026-01-14 07:35:15.367044+00 | Q578: 2026-01-14 07:35:15.367044+00
A579: 137596 | B579: SGM BUNDA IHIM CHOCO 21X300G FB GRD | C579: Indonesia | D579: SGM | E579: SGM Bunda | F579: SGM P&BF | G579: P&BF | H579: Red | I579: 300.0 | J579: 21.0 | K579: 6.3 | L579: Bag in Box | M579: Medium | N579: Insource | O579: AB | P579: 2026-01-14 07:35:15.367044+00 | Q579: 2026-01-14 07:35:15.367044+00
A580: 137595 | B580: SGM BUNDA IHIM CHOCO 48X150G FB GRD | C580: Indonesia | D580: SGM | E580: SGM Bunda | F580: SGM P&BF | G580: P&BF | H580: Red | I580: 150.0 | J580: 48.0 | K580: 7.2 | L580: Bag in Box | M580: Small | N580: Insource | O580: AB | P580: 2026-01-14 07:35:15.367044+00 | Q580: 2026-01-14 07:35:15.367044+00
A581: 137594 | B581: SGM BUNDA IHIM STRAW 48X150G FB GRD | C581: Indonesia | D581: SGM | E581: SGM Bunda | F581: SGM P&BF | G581: P&BF | H581: Red | I581: 150.0 | J581: 48.0 | K581: 7.2 | L581: Bag in Box | M581: Small | N581: Insource | O581: AB | P581: 2026-01-14 07:35:15.367044+00 | Q581: 2026-01-14 07:35:15.367044+00
... A655: 71576 | B655: NB RYL PREMATURE PRO+ 12X400G CN (MD) | C655: Indonesia | D655: Nutrilon | E655: Nut Specialties | F655: Preterm | G655: TN | H655: Blue | I655: 400.0 | J655: 12.0 | K655: 4.8 | L655: Canning | M655: Canning | N655: Insource | O655: CANL | P655: 2026-01-14 07:35:15.367044+00 | Q655: 2026-01-14 07:35:15.367044+00

Sheet master_dps_east
A1: material | B1: description | C1: size | D1: pcs_cb | E1: kg_cb | F1: line | G1: speed
A2: 163659 | B2: BEBELAC 3 VAN HIQEQ 24X400G FB RS NMD | C2: 400 | D2: 24 | E2: 9.6 | F2: XY | G2: 112.5
A3: 163853 | B3: BEBELAC 3 VAN HIQEQ 10X1000G FB RS NMD | C3: 1000 | D3: 10 | E3: 10 | F3: XY | G3: 175
A4: 164030 | B4: BEBELAC 3 HNY HIQEQ 24X200G FB RS NMD | C4: 200 | D4: 24 | E4: 4.8 | F4: XY | G4: 83.333333
A5: 163660 | B5: BEBELAC 3 HNY HIQEQ 24X400G FB RS NMD | C5: 400 | D5: 24 | E5: 9.6 | F5: XY | G5: 112.5
A6: 163854 | B6: BEBELAC 3 HNY HIQEQ 10X1000G FB RS NMD | C6: 1000 | D6: 10 | E6: 10 | F6: XY | G6: 166.66667
A7: 126550 | B7: BEBELAC 4 VAN HiQEQ 24X400G FB RS | C7: 400 | D7: 24 | E7: 9.6 | F7: XY | G7: 112.5
A8: 130267 | B8: BEBELAC 4 VAN HiQEQ 10X1000G FB RS | C8: 1000 | D8: 10 | E8: 10 | F8: XY | G8: 166.66667
A9: 126549 | B9: BEBELAC 4 HNY HiQEQ 24X400G FB RS | C9: 400 | D9: 24 | E9: 9.6 | F9: XY | G9: 112.5
A10: 127644 | B10: BEBELAC 4 HNY HiQEQ 10X1000G FB RS | C10: 1000 | D10: 10 | E10: 10 | F10: XY | G10: 166.66667
A11: 158324 | B11: SGM ANANDA 6-12 48X120G FB GRD 2.0 | C11: 120 | D11: 48 | E11: 5.76 | F11: XY | G11: 0
A12: 158325 | B12: SGM ANANDA 6-12 48X150G FB GRD 2.0 | C12: 150 | D12: 48 | E12: 7.2 | F12: XY | G12: 100
A13: 158066 | B13: SGM ANANDA 6-12 21X400G FB GRD 2.0 | C13: 400 | D13: 21 | E13: 8.4 | F13: XY | G13: 175
... A40: 178506 | B40: BEBELAC 3 VAN GREAT+ 10X1000G FB PGS | C40: 1000 | D40: 10 | E40: 10 | F40: XY | G40: 166.66667
A41: 178496 | B41: BEBELAC 3 VAN GREAT+ 6X2X900G MP PGS | C41: 1800 | D41: 6 | E41: 10.8 | F41: XY | G41: NaN
A42: 178515 | B42: BEBELAC 3 HNY GREAT+ 24X200G FB PGS | C42: 200 | D42: 24 | E42: 4.8 | F42: XY | G42: 83.333333
A43: 178480 | B43: BEBELAC 3 HNY GREAT+ 24X400G FB PGS | C43: 400 | D43: 24 | E43: 9.6 | F43: XY | G43: 112.5
A44: 178507 | B44: BEBELAC 3 HNY GREAT+ 10X1000G FB PGS | C44: 1000 | D44: 10 | E44: 10 | F44: XY | G44: 166.66667
A45: 178497 | B45: BEBELAC 3 HNY GREAT+ 6X2X900G MP PGS | C45: 1800 | D45: 6 | E45: 10.8 | F45: XY | G45: NaN
A46: 178481 | B46: BEBELAC 4 VAN GREAT+ 24X400G FB PGS | C46: 400 | D46: 24 | E46: 9.6 | F46: XY | G46: 112.5
A47: 178508 | B47: BEBELAC 4 VAN GREAT+ 10X1000G FB PGS | C47: 1000 | D47: 10 | E47: 10 | F47: XY | G47: 166.66667
A48: 178498 | B48: BEBELAC 4 VAN GREAT+ 6X2X900G MP PGS | C48: 1800 | D48: 6 | E48: 10.8 | F48: XY | G48: NaN
A49: 178482 | B49: BEBELAC 4 HNY GREAT+ 24X400G FB PGS | C49: 400 | D49: 24 | E49: 9.6 | F49: XY | G49: 112.5
A50: 178509 | B50: BEBELAC 4 HNY GREAT+ 10X1000G FB PGS | C50: 1000 | D50: 10 | E50: 10 | F50: XY | G50: 166.66667
A51: 178499 | B51: BEBELAC 4 HNY GREAT+ 6X2X900G MP PGS | C51: 1800 | D51: 6 | E51: 10.8 | F51: XY | G51: NaN
A52: 178511 | B52: BEBELAC 3 VAN GREAT+ 12X620G FB PGS | C52: 620 | D52: 12 | E52: 7.44 | F52: XY | G52: 145.83333
A53: 178512 | B53: BEBELAC 3 HNY GREAT+ 12X620G FB PGS | C53: 620 | D53: 12 | E53: 7.44 | F53: XY | G53: 145.83333
A54: 195069 | B54: BEBELAC 3 VAN GREAT+ 24X400G FB PGS ZBD | C54: 400 | D54: 24 | E54: 9.6 | F54: XY | G54: 112.5
A55: 195068 | B55: BEBELAC 3 VAN GREAT+ 12X620G FB PGS ZBD | C55: 620 | D55: 12 | E55: 7.44 | F55: XY | G55: 175
A56: 195067 | B56: BEBELAC 3 VAN GREAT+ 10X1000G FB PGS ZBD | C56: 1000 | D56: 10 | E56: 10 | F56: XY | G56: 175
A57: 195075 | B57: BEBELAC 3 HNY GREAT+ 24X200G FB PGS ZBD | C57: 200 | D57: 24 | E57: 4.8 | F57: XY | G57: 112.5
A58: 195074 | B58: BEBELAC 3 HNY GREAT+ 24X400G FB PGS ZBD | C58: 400 | D58: 24 | E58: 9.6 | F58: XY | G58: 112.5
A59: 195073 | B59: BEBELAC 3 HNY GREAT+ 12X620G FB PGS ZBD | C59: 620 | D59: 12 | E59: 7.44 | F59: XY | G59: 175
A60: 195072 | B60: BEBELAC 3 HNY GREAT+ 10X1000G FB PGS ZBD | C60: 1000 | D60: 10 | E60: 10 | F60: XY | G60: 175
A61: 195058 | B61: BEBELAC 4 VAN GREAT+ 24X400G FB PGS ZBD | C61: 400 | D61: 24 | E61: 9.6 | F61: XY | G61: 112.5
A62: 195057 | B62: BEBELAC 4 VAN GREAT+ 10X1000G FB PGS ZBD | C62: 1000 | D62: 10 | E62: 10 | F62: XY | G62: 175
A63: 195059 | B63: BEBELAC 4 HNY GREAT+ 24X400G FB PGS ZBD | C63: 400 | D63: 24 | E63: 9.6 | F63: XY | G63: 112.5
... A389: 171705 | B389: C&G NEXT STEP 4 24X400G FB (PK) | C389: 400 | D389: 24 | E389: 9.6 | F389: CD | G389: 83
A390: 178479 | B390: BEBELAC 3 VAN GREAT+ 24X400G FB PGS | C390: 400 | D390: 24 | E390: 9.6 | F390: CD | G390: NaN
A391: 178506 | B391: BEBELAC 3 VAN GREAT+ 10X1000G FB PGS | C391: 1000 | D391: 10 | E391: 10 | F391: CD | G391: 158.33333
A392: 178496 | B392: BEBELAC 3 VAN GREAT+ 6X2X900G MP PGS | C392: 1800 | D392: 6 | E392: 10.8 | F392: CD | G392: 70.833333
A393: 178515 | B393: BEBELAC 3 HNY GREAT+ 24X200G FB PGS | C393: 200 | D393: 24 | E393: 4.8 | F393: CD | G393: 83
A394: 178480 | B394: BEBELAC 3 HNY GREAT+ 24X400G FB PGS | C394: 400 | D394: 24 | E394: 9.6 | F394: CD | G394: NaN
A395: 178507 | B395: BEBELAC 3 HNY GREAT+ 10X1000G FB PGS | C395: 1000 | D395: 10 | E395: 10 | F395: CD | G395: 158.33333
A396: 178497 | B396: BEBELAC 3 HNY GREAT+ 6X2X900G MP PGS | C396: 1800 | D396: 6 | E396: 10.8 | F396: CD | G396: 70.833333
A397: 178481 | B397: BEBELAC 4 VAN GREAT+ 24X400G FB PGS | C397: 400 | D397: 24 | E397: 9.6 | F397: CD | G397: NaN
A398: 178508 | B398: BEBELAC 4 VAN GREAT+ 10X1000G FB PGS | C398: 1000 | D398: 10 | E398: 10 | F398: CD | G398: 158.33333
A399: 178498 | B399: BEBELAC 4 VAN GREAT+ 6X2X900G MP PGS | C399: 1800 | D399: 6 | E399: 10.8 | F399: CD | G399: 70.833333
A400: 178482 | B400: BEBELAC 4 HNY GREAT+ 24X400G FB PGS | C400: 400 | D400: 24 | E400: 9.6 | F400: CD | G400: NaN
A401: 178509 | B401: BEBELAC 4 HNY GREAT+ 10X1000G FB PGS | C401: 1000 | D401: 10 | E401: 10 | F401: CD | G401: 158.33333
A402: 178499 | B402: BEBELAC 4 HNY GREAT+ 6X2X900G MP PGS | C402: 1800 | D402: 6 | E402: 10.8 | F402: CD | G402: 70.833333
A403: 173757 | B403: NL ROYAL 3 VAN 6X1800G FB NP21 | C403: 1800 | D403: 6 | E403: 10.8 | F403: CD | G403: 70.833333
A404: 173758 | B404: NL ROYAL 3 HNY 6X1800G FB NP21 | C404: 1800 | D404: 6 | E404: 10.8 | F404: CD | G404: 70.833333
A405: 159172 | B405: SGM E1+ HONEY 48X150G FB GRD 2.0 | C405: 150 | D405: 48 | E405: 7.2 | F405: CD | G405: 62.5
A406: 195067 | B406: BEBELAC 3 VAN GREAT+ 10X1000G FB PGS ZBD | C406: 1000 | D406: 10 | E406: 10 | F406: CD | G406: 158.33333
A407: 195065 | B407: BEBELAC 3 VAN GREAT+ 6X2X900G MP PGS ZBD | C407: 1800 | D407: 6 | E407: 10.8 | F407: CD | G407: 112.5
A408: 195072 | B408: BEBELAC 3 HNY GREAT+ 10X1000G FB PGS ZBD | C408: 1000 | D408: 10 | E408: 10 | F408: CD | G408: 158.33333
A409: 195071 | B409: BEBELAC 3 HNY GREAT+ 6X2X900G MP PGS ZBD | C409: 1800 | D409: 6 | E409: 10.8 | F409: CD | G409: 112.5
A410: 195057 | B410: BEBELAC 4 VAN GREAT+ 10X1000G FB PGS ZBD | C410: 1000 | D410: 10 | E410: 10 | F410: CD | G410: 158.33333
A411: 195055 | B411: BEBELAC 4 VAN GREAT+ 6X2X900G MP PGS ZBD | C411: 1800 | D411: 6 | E411: 10.8 | F411: CD | G411: 112.5
A412: 195060 | B412: BEBELAC 4 HNY GREAT+ 10X1000G FB PGS ZBD | C412: 1000 | D412: 10 | E412: 10 | F412: CD | G412: 187.5
... A509: 178506 | B509: BEBELAC 3 VAN GREAT+ 10X1000G FB PGS | C509: 1000 | D509: 10 | E509: 10 | F509: AB | G509: 146
A510: 178496 | B510: BEBELAC 3 VAN GREAT+ 6X2X900G MP PGS | C510: 1800 | D510: 6 | E510: 10.8 | F510: AB | G510: NaN
A511: 178515 | B511: BEBELAC 3 HNY GREAT+ 24X200G FB PGS | C511: 200 | D511: 24 | E511: 4.8 | F511: AB | G511: NaN
A512: 178480 | B512: BEBELAC 3 HNY GREAT+ 24X400G FB PGS | C512: 400 | D512: 24 | E512: 9.6 | F512: AB | G512: 83
A513: 178507 | B513: BEBELAC 3 HNY GREAT+ 10X1000G FB PGS | C513: 1000 | D513: 10 | E513: 10 | F513: AB | G513: 146
A514: 178497 | B514: BEBELAC 3 HNY GREAT+ 6X2X900G MP PGS | C514: 1800 | D514: 6 | E514: 10.8 | F514: AB | G514: NaN
A515: 178481 | B515: BEBELAC 4 VAN GREAT+ 24X400G FB PGS | C515: 400 | D515: 24 | E515: 9.6 | F515: AB | G515: 83
A516: 178508 | B516: BEBELAC 4 VAN GREAT+ 10X1000G FB PGS | C516: 1000 | D516: 10 | E516: 10 | F516: AB | G516: 146
A517: 178498 | B517: BEBELAC 4 VAN GREAT+ 6X2X900G MP PGS | C517: 1800 | D517: 6 | E517: 10.8 | F517: AB | G517: NaN
A518: 178482 | B518: BEBELAC 4 HNY GREAT+ 24X400G FB PGS | C518: 400 | D518: 24 | E518: 9.6 | F518: AB | G518: 83
A519: 178509 | B519: BEBELAC 4 HNY GREAT+ 10X1000G FB PGS | C519: 1000 | D519: 10 | E519: 10 | F519: AB | G519: 146
A520: 178499 | B520: BEBELAC 4 HNY GREAT+ 6X2X900G MP PGS | C520: 1800 | D520: 6 | E520: 10.8 | F520: AB | G520: NaN
A521: 178511 | B521: BEBELAC 3 VAN GREAT+ 12X620G FB PGS | C521: 620 | D521: 12 | E521: 7.44 | F521: AB | G521: NaN
A522: 178512 | B522: BEBELAC 3 HNY GREAT+ 12X620G FB PGS | C522: 620 | D522: 12 | E522: 7.44 | F522: AB | G522: NaN
A523: 178510 | B523: BEBELAC 5 HNY GREAT+ 10X700G FB PGS | C523: 700 | D523: 10 | E523: 7 | F523: AB | G523: 125
A524: 10453144 | B524: SFG BEBELAC 3 VAN 10X1000G FB UPSIZE | C524: 1000 | D524: 10 | E524: 10 | F524: AB | G524: 146
A525: 10453009 | B525: SFG BEBELAC 3 HNY 10X1000G FB UPSIZE | C525: 1000 | D525: 10 | E525: 10 | F525: AB | G525: 146
A526: 10453146 | B526: SFG BEBELAC 4 VAN 10X1000G FB UPSIZE | C526: 1000 | D526: 10 | E526: 10 | F526: AB | G526: 146
A527: 10453145 | B527: SFG BEBELAC 4 HNY 10X1000G FB UPSIZE | C527: 1000 | D527: 10 | E527: 10 | F527: AB | G527: 146
A528: 173755 | B528: NL ROYAL 3 VAN 24X400G FB NP21 | C528: 400 | D528: 24 | E528: 9.6 | F528: AB | G528: 66.666667
A529: 173756 | B529: NL ROYAL 3 HNY 24X400G FB NP21 | C529: 400 | D529: 24 | E529: 9.6 | F529: AB | G529: 66.666667
A530: 157934 | B530: SGM E5+ HONEY 21X400G FB GRD 2.0 | C530: 400 | D530: 21 | E530: 8.4 | F530: AB | G530: 125
A531: 195069 | B531: BEBELAC 3 VAN GREAT+ 24X400G FB PGS ZBD | C531: 400 | D531: 24 | E531: 9.6 | F531: AB | G531: 100
A532: 195067 | B532: BEBELAC 3 VAN GREAT+ 10X1000G FB PGS ZBD | C532: 1000 | D532: 10 | E532: 10 | F532: AB | G532: 158.33333
A533: 195063 | B533: BEBELAC 3 VAN 4X3X1000G FB UPSIZE ZBD | C533: 3000 | D533: 4 | E533: 12 | F533: AB | G533: 83.333333
A534: 195074 | B534: BEBELAC 3 HNY GREAT+ 24X400G FB PGS ZBD | C534: 400 | D534: 24 | E534: 9.6 | F534: AB | G534: 100
... A646: 181981 | B646: SGM YMNUTRI CHO 48X100G SAMPLE FB TRS | C646: 100 | D646: 48 | E646: 4.8 | F646: TRS | G646: 55
